phase,orders,total_ms,p50_ns,p95_ns,p99_ns
add,1000,0.3791,200,400,8500
modify,1000,0.0648,100,100,100
cancel,1000,0.1411,100,200,300
match,1000,0.348,300,400,1300
add,5000,2.113,200,600,1100
modify,5000,0.3819,100,200,200
cancel,5000,0.9694,200,300,600
match,5000,2.1238,300,500,1800
add,10000,4.5764,300,400,800
modify,10000,0.7986,100,100,200
cancel,10000,1.7292,100,200,400
match,10000,4.5646,300,600,1700
add,1000,0.2568,200,300,2600
modify,1000,0.0565,100,100,100
cancel,1000,0.1972,100,200,200
match,1000,0.3516,300,400,1900
add,5000,1.4156,200,300,500
modify,5000,0.3065,100,100,100
cancel,5000,0.7745,100,200,200
match,5000,1.8845,300,400,1800
add,10000,3.8335,200,500,900
modify,10000,0.8581,100,200,300
cancel,10000,1.758,200,200,400
match,10000,4.3183,300,500,1300
add,1000,0.2869,200,300,4300
modify,1000,0.0569,100,100,100
cancel,1000,0.2107,100,200,200
match,1000,0.3554,300,400,1800
add,5000,1.3913,200,300,400
modify,5000,0.3439,100,100,100
cancel,5000,0.7558,100,200,200
match,5000,1.8836,300,400,1700
add,10000,2.9865,200,300,400
modify,10000,0.7419,100,100,200
cancel,10000,1.6442,100,200,300
match,10000,5.1544,400,700,1700
